,KIC,ep,omegap,thetap,Pp_days,Rp_rEarth
0,10979716,0,0.1291298734467532,5.092903222498788,115.97737527999979,6.0
